dt,residual
-1200.0,939394.9990257192
-1195.0,946030.7339500245
-1190.0,952626.3054813202
-1185.0,959181.552205273
-1180.0,965696.3130601905
-1175.0,972170.4273474105
-1170.0,978603.7347416794
-1165.0,984996.0753016435
-1160.0,991347.2894803425
-1155.0,997657.2181337029
-1150.0,1003925.7025359552
-1145.0,1010152.5843886798
-1140.0,1016337.705828826
-1135.0,1022480.9094411405
-1130.0,1028582.0382689256
-1125.0,1034640.9358249325
-1120.0,1040657.4461022373
-1115.0,1046631.4135852112
-1110.0,1052562.683260465
-1105.0,1058451.100627915
-1100.0,1064296.5117118116
-1095.0,1070098.7630718537
-1090.0,1075857.701814306
-1085.0,1081573.175603184
-1080.0,1087245.0326714097
-1075.0,1092873.1218320988
-1070.0,1098457.2924897475
-1065.0,1103997.3946515834
-1060.0,1109493.2789388038
-1055.0,1114944.7965979604
-1050.0,1120351.7995122857
-1045.0,1125714.140213062
-1040.0,1131031.6718910476
-1035.0,1136304.2484080857
-1030.0,1141531.7243079366
-1025.0,1146713.9548280127
-1020.0,1151850.7959110793
-1015.0,1156942.104216529
-1010.0,1161987.7371318443
-1005.0,1166987.5527840815
-1000.0,1171941.4100513188
-995.0,1176849.1685741525
-990.0,1181710.6887671733
-985.0,1186525.8318304345
-980.0,1191294.459760923
-975.0,1196016.4353640238
-970.0,1200691.6222649897
-965.0,1205319.884920367
-960.0,1209901.0886294367
-955.0,1214435.099545652
-950.0,1218921.7846880108
-945.0,1223361.011952472
-940.0,1227752.6501233075
-935.0,1232096.5688844398
-930.0,1236392.6388307624
-925.0,1240640.7314794483
-920.0,1244840.7192811836
-915.0,1248992.4756338745
-910.0,1253095.8748883177
-905.0,1257150.7923611375
-900.0,1261157.1043490386
-895.0,1265114.6881380258
-890.0,1269023.4220144842
-885.0,1272883.1852761554
-880.0,1276693.8582430976
-875.0,1280455.3222685736
-870.0,1284167.4597499184
-865.0,1287830.1541393362
-860.0,1291443.2899546167
-855.0,1295006.7527898485
-850.0,1298520.4293260109
-845.0,1301984.2073415648
-840.0,1305397.975722921
-835.0,1308761.6244748933
-830.0,1312075.0447310153
-825.0,1315338.1287638722
-820.0,1318550.7699952824
-815.0,1321712.8630064465
-810.0,1324824.3035479933
-805.0,1327884.9885499617
-800.0,1330894.816131699
-795.0,1333853.6856089672
-790.0,1336761.4975097273
-785.0,1339618.1535817813
-780.0,1342423.5567989312
-775.0,1345177.6113724122
-770.0,1347880.2227602508
-765.0,1350531.297676498
-760.0,1353130.744100375
-755.0,1355678.4712853301
-750.0,1358174.3897679672
-745.0,1360618.411376872
-740.0,1363010.4492413271
-735.0,1365350.4177999496
-730.0,1367638.232809159
-725.0,1369873.811351561
-720.0,1372057.0718442304
-715.0,1374187.934046818
-710.0,1376266.3190696156
-705.0,1378292.1493814103
-700.0,1380265.3488172945
-695.0,1382185.842586278
-690.0,1384053.557278823
-685.0,1385868.4208742296
-680.0,1387630.362747874
-675.0,1389339.3136776024
-670.0,1390995.2058523865
-665.0,1392597.972878566
-660.0,1394147.5497856522
-655.0,1395643.8730334332
-650.0,1397086.8805183982
-645.0,1398476.5115799913
-640.0,1399812.707006758
-635.0,1401095.4090423044
-630.0,1402324.5613911226
-625.0,1403500.1092242915
-620.0,1404621.9991849624
-615.0,1405690.1793937543
-610.0,1406704.5994539643
-605.0,1407665.2104566162
-600.0,1408571.9649853641
-595.0,1409424.8171212384
-590.0,1410223.7224472072
-585.0,1410968.6380526284
-580.0,1411659.5225374596
-575.0,1412296.3360163914
-570.0,1412879.040122753
-565.0,1413407.598012277
-560.0,1413881.9743666882
-555.0,1414302.1354012433
-550.0,1414668.0488586593
-545.0,1414979.6840153988
-540.0,1415237.011689647
-535.0,1415440.0042410586
-530.0,1415588.63557328
-525.0,1415682.8811364044
-520.0,1415722.717929163
-515.0,1415708.1245010216
-510.0,1415639.0809540302
-505.0,1415515.568944552
-500.0,1415337.5716848066
-495.0,1415105.0739442082
-490.0,1414818.0620505698
-485.0,1414476.5238910988
-480.0,1414080.4489132343
-475.0,1413629.8281253139
-470.0,1413124.6540970365
-465.0,1412564.9209597707
-460.0,1411950.6244067065
-455.0,1411281.761692753
-450.0,1410558.3316343622
-445.0,1409780.3346091174
-440.0,1408947.772555138
-435.0,1408060.6489662388
-430.0,1407118.9689002996
-425.0,1406122.738975008
-420.0,1405071.9673614586
-415.0,1403966.663785778
-410.0,1402806.8395274635
-405.0,1401592.50741761
-400.0,1400323.6818368984
-395.0,1399000.378713482
-390.0,1397622.6155206375
-385.0,1396190.4112742748
-380.0,1394703.786530286
-375.0,1393162.7633817028
-370.0,1391567.3654557066
-365.0,1389917.617910429
-360.0,1388213.547431644
-355.0,1386455.1822292637
-350.0,1384642.5520336442
-345.0,1382775.6880917726
-340.0,1380854.6231632847
-335.0,1378879.3915162627
-330.0,1376850.0289229667
-325.0,1374766.5726553118
-320.0,1372629.0614802903
-315.0,1370437.5356579386
-310.0,1368192.0369300274
-305.0,1365892.6085170861
-300.0,1363539.295116702
-295.0,1361132.1428959863
-290.0,1358671.199486033
-285.0,1356156.5139762089
-280.0,1353588.1369083002
-275.0,1350966.1202705232
-270.0,1348290.5174913649
-265.0,1345561.3834333094
-260.0,1342778.774386431
-255.0,1339942.7480617883
-250.0,1337053.3635847736
-245.0,1334110.6814882467
-240.0,1331114.7637055703
-235.0,1328065.6735635102
-230.0,1324963.4757750183
-225.0,1321808.2364318492
-220.0,1318600.0229970962
-215.0,1315338.9042975707
-210.0,1312024.9505160786
-205.0,1308658.23318356
-200.0,1305238.8251711233
-195.0,1301766.8006775351
-190.0,1298242.2352310224
-185.0,1294665.205677596
-180.0,1291035.7901671445
-175.0,1287354.0681481725
-170.0,1283620.120359146
-165.0,1279834.028819764
-160.0,1275995.8768221037
-155.0,1272105.748921671
-150.0,1268163.7309283707
-145.0,1264169.909897359
-140.0,1260124.3741198173
-135.0,1256027.2131136209
-130.0,1251878.51761394
-125.0,1247678.3795637311
-120.0,1243426.8921041666
-115.0,1239124.1495649638
-110.0,1234770.24745462
-105.0,1230365.2824506517
-100.0,1225909.3523896197
-95.0,1221402.5562572153
-90.0,1216844.9941781973
-85.0,1212236.767406282
-80.0,1207577.9783139704
-75.0,1202868.7303917436
-70.0,1198109.128216425
-65.0,1193299.2774479361
-60.0,1188439.2848306652
-55.0,1183529.2581759924
-50.0,1178569.3063517492
-45.0,1173559.5392716713
-40.0,1168500.0678847525
-35.0,1163391.0041645905
-30.0,1158232.4610986682
-25.0,1153024.5526775923
-20.0,1147767.3938843012
-15.0,1142461.100683231
-10.0,1137105.7900094558
-5.0,1131701.579757776
0.0,1126248.588771782
5.0,1120746.9368329002
10.0,1115196.7446494056
15.0,1109598.1338454029
20.0,1103951.2269497905
25.0,1098256.1473852005
30.0,1092513.0194569305
35.0,1086721.9683418432
40.0,1080883.1200772738
45.0,1074996.6015350576
50.0,1069062.5404440342
55.0,1063081.0653675403
60.0,1057052.3056738516
65.0,1050976.3915359937
70.0,1044853.4539206084
75.0,1038683.6245767958
80.0,1032467.036024943
85.0,1026203.8215455804
90.0,1019894.1151682455
95.0,1013538.0516603021
100.0,1007135.7665158547
105.0,1000687.3959445832
110.0,994193.0768606616
115.0,987652.9468716457
120.0,981067.1442673923
125.0,974435.8080090024
130.0,967759.0777177699
135.0,961037.0936641647
140.0,954269.9967568265
145.0,947457.9285315843
150.0,940601.0311405146
155.0,933699.4473410146
160.0,926753.320484899
165.0,919762.7945250161
170.0,912728.0139647294
175.0,905649.123860633
180.0,898526.2698334865
185.0,891359.5980444923
190.0,884149.2551846402
195.0,876895.3884640178
200.0,869598.1456012456
205.0,862257.6748128915
210.0,854874.1248029443
215.0,847447.644752359
220.0,839978.3843086082
225.0,832466.493575302
230.0,824912.1231018566
235.0,817315.4238731889
240.0,809676.5472995006
245.0,801995.645206063
250.0,794272.8698231159
255.0,786508.373775743
260.0,778702.3100738823
265.0,770854.8321023313
270.0,762966.0936108287
275.0,755036.2487042015
280.0,747065.4518325534
285.0,739053.8577644015
290.0,731001.6216159659
295.0,722908.8988281656
300.0,714775.8451358024
305.0,706602.6165708266
310.0,698389.3694528835
315.0,690136.2603799421
320.0,681843.4462189702
325.0,673511.0840966906
330.0,665139.3313903855
335.0,656728.3457187908
340.0,648278.2849330315
345.0,639789.3071076442
350.0,631261.570531656
355.0,622695.2336997502
360.0,614090.455303466
365.0,605447.3942225194
370.0,596766.2095161332
375.0,588047.0604144931
380.0,579290.106310253
385.0,570495.506750104
390.0,561663.4214264099
395.0,552794.0101689659
400.0,543887.4329367513
405.0,534943.8498255769
410.0,525963.4210241279
415.0,516946.3068183381
420.0,507892.6676030485
425.0,498802.66386238486
430.0,489676.45616202336
435.0,480514.20514149684
440.0,471316.0715065878
445.0,462082.2160218116
450.0,452812.79950294737
455.0,443507.98280964233
460.0,434167.92683813814
465.0,424792.7925140178
470.0,415382.74078505207
475.0,405937.9326141337
480.0,396458.5289722476
485.0,386944.690831569
490.0,377396.57915859483
495.0,367814.35490737855
500.0,358198.1790128052
505.0,348548.21238399483
510.0,338864.6158977188
515.0,329147.5503919646
520.0,319397.17665948346
525.0,309613.65542690083
530.0,299797.1473817546
535.0,289947.8131548017
540.0,280065.813295817
545.0,270151.30827847496
550.0,260204.45849438198
555.0,250225.42424719594
560.0,240214.36574683152
565.0,230171.44310370646
570.0,220096.8163230829
575.0,209990.64529949985
580.0,199853.08981124125
585.0,189684.30951490067
590.0,179484.4639400076
595.0,169253.71248375997
600.0,158992.21440575086
605.0,148700.12882287242
610.0,138377.614704201
615.0,128024.830866009
620.0,117641.93596681207
625.0,107229.08850253187
630.0,96786.44680166617
635.0,86314.16902059875
640.0,75812.41313892417
645.0,65281.33696844615
650.0,54721.098117720336
655.0,44131.8539982941
660.0,33513.7618371509
665.0,22866.978662280366
670.0,12191.661298433319
675.0,1487.9663629457355
680.0,-9243.949738340452
685.0,-20003.930815139785
690.0,-30791.820896692574
695.0,-41607.46423565224
700.0,-52450.70531194471
705.0,-63321.388836542144
710.0,-74219.3597551696
715.0,-85144.46325195208
720.0,-96096.54475301504
725.0,-107075.44992998987
730.0,-118081.02470348775
735.0,-129113.11524648964
740.0,-140171.5679876972
745.0,-151256.2296148017
750.0,-162366.94707769528
755.0,-173503.56759164482
760.0,-184665.93864038028
765.0,-195853.90799137577
770.0,-207067.32367094234
775.0,-218306.03397678025
780.0,-229569.88749599457
785.0,-240858.73309879377
790.0,-252172.41994125582
795.0,-263510.79746799543
800.0,-274873.7154148575
805.0,-286261.02381146513
810.0,-297672.5729837939
815.0,-309108.2135566268
820.0,-320567.7964559924
825.0,-332051.172911549
830.0,-343558.19445890374
835.0,-355088.71294188127
840.0,-366642.5805147495
845.0,-378219.64964438975
850.0,-389819.7731124107
855.0,-401442.8040172234
860.0,-413088.59577605873
865.0,-424757.00212693773
870.0,-436447.8771305941
875.0,-448161.07517234795
880.0,-459896.4509639349
885.0,-471653.85953479446
890.0,-483433.1562576704
895.0,-495234.19684212096
900.0,-507056.8373231236
905.0,-518900.93407049775
910.0,-530766.3437904455
915.0,-542652.9235270657
920.0,-554560.5306638088
925.0,-566489.0229249038
930.0,-578438.2583767045
935.0,-590408.0954290647
940.0,-602398.3928366024
945.0,-614409.0096999574
950.0,-626439.8054670058
955.0,-638490.6399340201
960.0,-650561.3732468132
965.0,-662651.8659018185
970.0,-674761.9787471592
975.0,-686891.5729836393
980.0,-699040.510165751
985.0,-711208.6522025969
990.0,-723395.861358786
995.0,-735602.0002553388
1000.0,-747826.9318704754
1005.0,-760070.5195490103
1010.0,-772332.6269836128
1015.0,-784613.1182222217
1020.0,-796911.8576793708
1025.0,-809228.7101304643
1030.0,-821563.5407124199
1035.0,-833916.214924261
1040.0,-846286.5986276902
1045.0,-858674.5580476187
1050.0,-871079.9597726632
1055.0,-883502.6707556471
1060.0,-895942.5583140217
1065.0,-908399.4901302736
1070.0,-920873.3342523407
1075.0,-933363.9590939283
1080.0,-945871.2334348764
1085.0,-958395.026421424
1090.0,-970935.2075664923
1095.0,-983491.6467499416
1100.0,-996064.214218758
1105.0,-1008652.7805872783
1110.0,-1021257.2168373223
1115.0,-1033877.3943183515
1120.0,-1046513.1847475674
1125.0,-1059164.4602026548
1130.0,-1071831.0931385774
1135.0,-1084512.9563818686
1140.0,-1097209.923121523
1145.0,-1109921.8669144623
1150.0,-1122648.6616855077
1155.0,-1135390.1817273125
1160.0,-1148146.3017002922
1165.0,-1160916.8966325093
1170.0,-1173701.8419195656
1175.0,-1186501.013324445
1180.0,-1199314.2869773526
1185.0,-1212141.5393755268
1190.0,-1224982.647383025
1195.0,-1237837.4882305171
